text;label
@animefess_ Owi Tiga Periode (Orang Wibu Tidak Gabut, Periang, Ora Debat);Netral
@alisyarief Lanjut tiga periode dah yuk rame2 ke MK gugat UU pemilu...gasss;Positif
@sasasayatusa_ swacana masa jabatan presiden tiga periode;Netral
@sasasayatusa_ yang ingin tiga periode atau lebih itu hanya sebagian kecil, kalau dari total poluasi itu hanya sekitar 5 persen;Negatif
@sasasayatusa_ Relawan Jokowi Mania Joman menyatakan menolak wacana tiga periode jabatan presiden.;Negatif
@sasasayatusa_ Saya mempunyai keyakinan bahwa presiden menolak penundaan Pemilu menolak wacana tiga periode;Negatif
@sasasayatusa_ hanya sebagian kecil dari masyarakat yang inginkan Presiden menjabat tiga periode atau lebih;Positif
@reflection_8_ @alvinrio_1501 Abah kedah sehat kan wapres tiga periode;Netral
@mohmahfudmd Yah tul prof, harus di ganti dan gak ada kata untuk tiga periode lagi.;Negatif
@alisyarief Lah, lo didikte investor china diem bae, sampe suruh tiga periode nurut aja.. Hmmm. Malu ya pung, hasilnya di luar ekspektasi;Negatif
"@Ranisor @jokowi Tetap kawal
Dilangan masih ada pihak yang hembus hembuskan tiga periode";Netral
@yusuf_dumdum @KPK_RI Haha.. Ndak akan viral masih ngeboomm kalau pakai tiga periode.. 🤣🤣🤣;Netral
@intevl dua periode atau tiga periode?;Netral
@OnlyFrens Karena udah saking hopeless tiga perioda gagal, mamak udah tabuh genderang perang. Kalau masih berani manuver tiga periode;Negatif
@cattonist gila aja kalau beneran tiga periode. bisa bisa demo;Negatif
@Ardiesuhardi1 gimane klo tiga periode kaya yng diminta sama si Ono noh !!! 👀🙄🤔🤦😂🤣;Negatif
@Wawat_Kurniawan Pesan kuat ke bang Masinton dan ki Lurah, saya masih ada dan akan tetap tegak tiga periode 🤣🤣;Positif
@bentangnegeri Orasinya menjawab siapa yg bermain dgn wacana tiga periode, koplak tenan 😂😂;Netral
"@GunRomli @jokowi @KPK_RI Dukung kedua2nya.
Jokowi tiga periode?";Netral
@Dguzel_ 🎤🎵 Galau hanya untuk mengejar tiga periode 🎶 buat apa sih janji manis kau sungguhkan untuk rakyat muuu🎶;Negatif
@geloraco Untuk tiga periode kah? Cuma nanya jangan baper ya?;Netral
"@notarisanto Ket Pakdhe Jokowi dadi Walikota, nganti seprene (jare) meh tiga periode, isih ono yo sing kegiring ketikanku.

Nggumun aku";Netral
@detikcom Semoga @jokowi jadi presiden pertama Indonesia tiga periode amin;Positif
@KompasTV Tiga periode nih ye?;Netral
Pillow talk bersama pasangan selain berbincang bincang tentang tiga periode, kira kira topik opo maneh sih sing gayeng? 🙄;Netral
@UyokBack @imutimutmu Yg ada di pikirannya bagaiman supaya pak de bisa tiga periode;Netral
@hajsohee kl vismisnya tiga periode gmn bang;Netral
@privetbro1 Itu lambang Z apa lambang tiga periode sih? Xixixixi;Netral
@sasasayatusa_ Mayoritas Tolak Presiden Tiga Periode dan Penundaan Pemilu 2024;Negatif
Selasa rasa Senin. Meeting sampe tiga periode.;Netral
@sasasayatusa_ Isu tiga periode bukan Jokowi yang mengusulkan;Negatif
@sasasayatusa_ Presiden Jokowi menolak dan tidak berminat menjadi Presiden tiga periode;Negatif
@PKSejahtera Harus tiga periode.;Positif
@sasasayatusa_ hanya sebagian kecil dari masyarakat yang inginkan Presiden menjabat tiga periode atau lebihi;Negatif
udah tiga periode akun gua masih kaga balik;Netral
"@DionClcp @msaid_didu yg ga mau tiga periode jkw. 
yg goreng ya antek antek pks, pd dan pkb
dan kadrun pada percaya";Negatif
@yunwa Akun w belum unsus sejak tiga periode:’)) jeki parag sekarang elon hueeee😭;Netral
Urusin masalah minyak goreng saja tidak mampu kok mau tiga periode! Ngacaaaaa;Negatif
"@PKSejahtera Semoga bener2 tiga periode
Biar kejang2 tuh PKS";Positif
Nyuci yang tinggal masukin mesin cuci aja cape bgt. Pantesan kalo nyetrika sekarang lamanya sampe tiga periode. Eh;Netral
PDI P menolak tiga periode ada skandal besar kayanya.;Negatif
@AnakKam63916162 @SBYudhoyono Masak,mana artikelnya sby tiga periode?;Netral
@detikcom Kalo ada wacana tiga periode, Demokrat untung, biasa jualan Pak SBY lagi.;Netral
"@Hayuningrat7 #NKRI_HARGA_NAIK

salam tiga periode...😅";Negatif
@pelitabangsa45 Tolak tiga periode;Negatif
@TxtdariHI Kira-kira ntar di sana ada yg minta tiga periode ga ya;Netral
"@september__26 @didienAZHAR @Dennysiregar7 @jokowi Yg begini minta tiga periode? 
Beuuuugh!!!";Negatif
@democrazymedia Duit negara di bikin mangkrak, pinjam lagi ke Tiongkok naikan lagi pajak, eeh ngebet tiga periode tak tau malu kau Jon;Negatif
@Kimberley20101 @muh_adoel Hahaha... Kemarin usulkan Tiga periode nih Tito, konyol deh percuma titel nya 😀🤣😀;Negatif
@JaenoXTM Tiga periode nya dialam kubur aja. Gapapa xixixi;Negatif
@hnurwahid Ngurusin harga minyak goreng saja belum beres, masa mau tiga periode....seharusnya instrospeksi...;Negatif
@democrazymedia Mau tiga periode gitu..?;Negatif
Bayern Munchen apa mau juara tiga periode ? 🤣🤣;Netral
"@Hartati44247904 @Mukidioon2 @KPK_RI @KemensosRI @antikorupsi Mungkin ""dia"" terlibat, itu sikades indonesia tiga periode";Negatif
@lia_mecca1 Itu jari Pak Hamka..kode Salam Tiga Periode..kayaknya..😁😂;Positif
@Penyair_Berdiri @jokowi Jelas dan tegas tolak tiga periode;Negatif
@SakiinaQhiCO_33 Tegas tolak tiga periode;Negatif
"@Husen_Jafar Ada issue periode ke tiga,
Entah benar atau hanya karang.
Jodoh itu penenang jiwa,
Maka carilah dengan hati yg tenang.";Netral
@AliBej0 Presiden sudah tegas menolak tiga periode;Negatif
Hndk percaya lwan proses tapi kalawasan proses nya sawat jkw tiga periode;Negatif
@liputan6dotcom soap jg yg manfaatkan... yg manfaatkan yg mau tiga periode tu;Negatif
"@geloraco Kiraan rakor perang terhadap KKB

koordinasi apa ni tiga periode kah";Negatif
@DonAdam68 Rakyat terbelah ekonomi makin nyungsep pejabatnya malah pada sibuk ngomongin tiga periode n NII;Negatif
@barkhah_bpp @ganafmargi @AhlulQohwah Memang tiga periode banyak yg tdk setuju, termasuk saya;Negatif
@alisyarief Semenjak di bawah komando presiden jokowi kejagung makin luar biasa,tiga periode pak jokowi;Positif
@PitherK3 @SisiwittFrida Ada yg mimpi tiga periode... tinggi gak...?;Negatif
Pemilu tetap 2024, jangan diundur. Namun tiga periode coba dipertimbangkan.;Positif
@kakaaditya22 Inilah sisa warisan si mantan yg masih membekas d elu ya jingan. Mending tobat lu daripada jkw naik periode k tiga.;Negatif
@democrazymedia Ga takut Broo, ttangga Kita baik2 semua, Kita lebih takut tiga periode....dimiskinkan karna salah kelola negara.;Negatif
@firzahusainInc haiyoo tinggal bilang anda pgn tiga periode kok ruwet men to pak pak;Negatif
"@HanyaAnakDesa94 @msaid_didu tiga periode digoreng trus oleh kadrun.
protes tuh sama cak imin, bukan jokowi";Netral
@luvhndry ah, terimakasih, anda sangat baik ibu Ratu, smoga bisa tiga periode yah☺️🙏🏿;Positif
@geloraco Awaaaaaas penundaan pemilu dan perpanjangan jabatan presiden tiga periode semakin menjadi-jadi;Negatif
@fans_attasis Mau minta tiga periode dan tunda pemilu😆;Positif
@RagilSemar kalau permintaan presiden tiga periode atau seumur hidup ..pasti lain jawabannya..;Netral
@febridiansyah @firlibahuri @KPK_RI Mau lanjutin nyalon sebagai Walikota Lampung kali setelah gagal tiga periode;Netral
@ChusnulCh__ Sebetulnya demo itu biar presiden Jokowi mau tiga periode, babaho indonesia nambah nyungsep sep..;Negatif
"@BEMUI_Official Mahasiswa BUDEG.
Tiga periode mulu yg dibahas
BASI";Netral
@tempodotco Subhanallah pak jokowi anda memang luar biasa, lanjut tiga periode pal;Positif
@abu_waras Katanya sudah ngak laku tapi kalau ada gerakan rakyat jokowi tiga periode kadrun ketakutan;Positif
@ceIciuz thankyouu pak, yukk tiga periode lagii menungguu🙌🙌🙌;Positif
@SangKetua4 @henrysubiakto Yg mau tiga periode siapa sih om??;Netral
@JaenoXTM Ternyata memang benar yg terus mewacanakan tiga periode itu dari pemerintah sendiri;Netral
"@fajarnugros Omdo, gimana bawahan nggak ngelunjak?
Tuh, menteri tiga periode. Aman kan?";Netral
"@_ekokuntadhi Soal tiga periode kan sudah di jawab tegas oleh presiden,
Kog masih saja demo.... Apakah ini demo pesanan ya ....";Netral
@arya_dipa45 Sebenarnya aliansi mahasiswa dan para penikmat demo berdoa agar pak Jokowi tiga periode biar dana demo mengalir terus 🤭😂😂;Positif
@gatse8 Ane gak setuju die jadi kades tiga periode. Gak level. Kalau ketua grup Srimulat gue setuju...😂;Negatif
Rupanya dlm kebun sawit merancang presiden tiga periode dan tunda pemilu;Negatif
"@KopiUlubelu @MprAldo junjungan ngibul tiga periode
jinjingan tolol tiga periode..

😁";Negatif
"@Dennysiregar7 Kalah tiga periode 😂😂
Junjungan nya 🤭";Netral
@kompascom Bahlul si tiga periode....;Negatif
@detikcom Tiga periode itu sah;Positif
@golkar_id @PKSejahtera Salam Tiga Periode;Positif
@GerakanPemuda_ hanya sebagian kecil dari masyarakat yang inginkan Presiden menjabat tiga periode atau lebih;Negatif
@GerakanPemuda_ Mayoritas Tolak Presiden Tiga Periode dan Penundaan Pemilu 2024;Negatif
@GerakanPemuda_ Jokowi menegaskan tak berminat jadi presiden selama tiga periode;Negatif
@GerakanPemuda_ Kita tidak sepakat dengan gagasan tiga periode yang selama ini digulirkan oleh beberapa ketum partai.;Negatif
@GerakanPemuda_ yang ingin tiga periode atau lebih itu hanya sebagian kecil, kalau dari total poluasi itu hanya sekitar 5 persen;Negatif
@abudzaky2015 @Dastan_2014 @BEMUI_Official Ini dirubah tiga periode atau perpanjangan jabatan presiden yg diam2 itu;Negatif
@usemay yen aku tetep dukung Maduire kui jadi kapten, yen perlu tiga periode;Netral
"@akktivis ㅤ

Btari:

Yang demo kemarin. Tiga periode sama BBM naik.

⠀⠀";Negatif
@BEMUI_Official kami ingin Jokowi tiga periode;Positif
@Herzaky__MP kita gaungkan saja Jokowi untuk tiga periode, #21AprilTetapJokowi;Positif
@PanciBozz Sampe 2024 pak Jokowi tetap presiden lanjut tiga periode ga nih...;Positif
@adit_youtuber @reflection_8_ @macanluweh 'Dajjal' nya skrg lg pusing klo 'boneka' nya gagal tiga periode 🤭🤭;Netral
@sasasayatusa_ Kita tidak sepakat dengan gagasan tiga periode yang selama ini digulirkan oleh beberapa ketum partai.;Negatif
@supari_yanto @msaid_didu Lah masih di tiga periode masih di penundaan pilpres 🤦;Negatif
@KenEmerson24 @deantaraxan @PANJISATRIA__ Gua udah kecewa dengan ke hoaxan ini. Gua tetap tiga periode;Positif
mosok 4 taun tok jokowi ae tiga periode;Positif
@jokowi Kalau mau tiga periode angkat jadi asn semua honorer guru pasti sekeluarga nyoblos pak Jokowi lagi;Negatif
"@AzulZulian Mau...demo lagi 😂😂
Tiga periode sudah lewat..
Isu Hambalang lagi d demo kan ..kenapa tak d lanjut kan 🤭";Netral
@msaid_didu Balihonya Tohir sudah terpampang di tempatku, pemuja pak lurah sembunyi² tiga periode;Netral
@CNNIndonesia Itu presiden pilihanmu ,,,masih ngomel2,,minta tiga periode lagi,,Ndak waras;Negatif
"@mcflurrykaepci @jjiekoo @bIuesweett @convomfs Salah bro
Tiga, periode";Netral
@daikindonut semua obrolan ini dan mau tiga periode, tapi esemka masih tiada #yntkts;Negatif
@jjustimie km dukung saya tiga periode gak chi;Netral
@mooncelus kamu dukung saya tiga periode gak?;Netral
@nocontextwindah bang absen yang ketik tiga periode pake emot;Netral
@PutraErlangga95 SAYA PERCAYA, KARENA INI PERANG TERBUKA PDIP VS OLIGARKI...OLIGARKI MAKSA INGIN TIGA PERIODE..;Negatif
@kumparan kalau tiga periode lanjut ?;Netral
@CNNIndonesia Bagian dari tiga periode;Positif
@Brendamisc Kita tidak sepakat dengan gagasan tiga periode yang selama ini digulirkan oleh beberapa ketum partai.;Negatif
@abangbelneg Jokowi menegaskan tak berminat jadi presiden selama tiga periode;Negatif
@sasasayatusa_ wacana masa jabatan presiden tiga periode;Netral
@Brendamisc Mayoritas Tolak Presiden Tiga Periode dan Penundaan Pemilu 2024;Negatif
@AV4tarPemburu @jokowi @KejaksaanRI Stupid pada dibanyakin. Kurang jelas gimana Presiden Jokowi bicara menolak tiga periode;Negatif
@sasasayatusa_ Jokowi menegaskan tak berminat jadi presiden selama tiga periode;Negatif
@reyqueensha @fajar17 Barang jadi tu kalo di bilang gamau tiga periode artinya kebalikanya;Negatif
@msaid_didu @DonAdam68 Sabar mencari cara untuk nambah tiga periode;Positif
@mohmahfudmd Big data 110 juta rakyat dukung tiga periode hoax bukan pak? Itu dari pihak pemerintah lho pak... Dimana etikanya????;Negatif
@Gank_Of_Petojo Hahaha saya tetap mendukung beliau tiga periode;Positif
@geloraco Kalau umaranya pengen nambah tiga periode gimana dong?;Netral
@txtdrpemerintah Masih ngotot minta 3 periode ngtot.;Negatif
@papa_loren Sy juga mau buat narasi “Presiden sj bisa diganti knp koq hrs nambah 3 periode” gitu aja koq pusing;Negatif
@PolJokesID ibu: “nak bangun, mau 3 periode ga?”;Netral
@PolJokesID prittt 3 periode baru bangun;Netral
@OposisiCerdas lah itu kan ngga melanggar apa2, beda kalo pake kaos mulyono 3 periode, itu garong konstitusi;Negatif
@SantorinisSun Jkw 3 periode;Positif
@democrazymedia Dah hampir 3 periode masih bingung;Netral
@VIVAcoid Maaih bingung juga...? Terus mau nambah jadi 3 periode....bego kok diteruskan...!!;Negatif
@Dicky65779470 Hoax..org mau nambah 3 periode;Netral
@CNNIndonesia Karena masih keheranan, gass 3 periode 🤣;Positif
@mohmahfudmd Lha katanya 3 periode harga mati pak ? 😄;Positif
@VIVAcoid 8thn menjabat tp masih kagetan dan mbingungi.. Salam 3 periode 😂😂;Negatif
@Dennysiregar7 Halah bacot den. Percebongan lagi nyari topik biar bisa up 3 periode;Negatif
@GSuzli @mohmahfudmd Gak jadi 3 periode, Gil?;Netral
@manviphurit 3 periode ath, maenya eleh ku presid..;Netral
Apa cuma gua yg khotbah sblm taraweh di masjid komplek bahasnya 3 periode di loudspeaker?;Netral
@Syarman59 Kau gak bahas mafia migor denger2 uangnya buat bayar proyek 3 periode. Heheheh.... sempet dapat lah ya.;Negatif
@KompasTV Maunya Jokowi 3 periode 🤣🤣🤣;Positif
@jokowi Presiden koq curhat...minta 3 periode pula...😀😀🙃😃;Negatif
@CNNIndonesia Calon Presiden yang memiliki kompetensi masih banyak di Indonesia, kenapa anda mau 3 periode??;Negatif
Amit2 dah gausah 3 periode. Kerjaanya nutup jalan mulu kalo mau balik. Bikin macet parah sue.;Negatif
@Ziantozi @ApriliaLin @aniesbaswedan Klo yg mati hidup 3 periode bijimane;Netral
@ApriliaLin @aniesbaswedan Waduh kok pa Anies bikin buzerRp kebakaran jenggot sih. Ngga peka beliau ini. Mestinya bagi kaos tulis 3 periode.;Negatif
@VIVAcoid W juga bingung kayak dia jadi presiden minta 3 periode lagi;Negatif
@ekowboy2 Hehehe..muka tembok dia,,di suruh turun malah pengen 3 periode plus mau nunda PEMILU...harus di robohkan rezim ini;Negatif
@FabrizioRomano @_pauljoyce @GettySport Yok tambah 3 periode;Positif
@TobatSaat @Hadifirdauss @ArdityaChandra4 @kangdede78 @aniesbaswedan Emang udah pasti bakal 3 periode?;Netral
@keuangannews_id Pengalihan isu. Seolah2 PDIP menolak 3 periode. Pdhal...;Negatif
@Ardiesuhardi1 Ditempat yang berbeda ada yg butuh sampai 3 periode itu pun tidak menjamin berhasil.;Negatif
@KompasTV Jngan memilih pemimpin 3 periode;Negatif
@hiehuan1 @CNNIndonesia maksudnya 3 periode gitu 😁😁😁;Netral
@PKSejahtera 3 periode sudah tidak relevan, kayaknya PKS ini kehilangan nalar sehingga terus menerus menggoreng isu yang sudah gosong;Negatif
@txtdrpemerintah Gagalin juga 3 periode nya dong;Negatif
@mohmahfudmd gak dukung 3 periode Prof;Netral
@Dennysiregar7 Tp bg @Dennysiregar7 jgn lupa banyak2 doa jg, biar 3 periode tembus.. trus, biar tetap sakti alias kebal..😏;Negatif
@PolJokesID Bangun bangun 3 periode;Netral
"@filosofiksi Yuk dukung khilafah..
Khalifnya Jokowi.
Batal 3 periode jadi 3 generasi 😂";Negatif
@CNNIndonesia Presiden terbaik selama indonesia merdeka,lanjutkan 3 periode;Positif
@convomfs Satwa liar, mudik, harga bbm, 3 periode, popo;Netral
@detikcom Jokowi telah ambil sikap dgn pelaksanaan pemilu thn 2024 , ini mengabur kan impian org2 yg gila kuasa utk 3 periode.;Negatif
"KAMIS, 28/APRIL/2022,

RESULT PASARAN BURMA
PERIODE KE - 1770 : 
PRIZE 1 : 1902
PRIZE 2 : 9707
PRIZE 3 : 4748
SELAMAT KEPADA PARA PEMENANG";Netral
@democrazymedia Makanya pak..lanjut 3 periode...teleq;Negatif
@sasasayatusa_ wacana 3 periode itu sementara para ketua;Netral
@sasasayatusa_ tegas tolak 3 periode;Negatif
@sasasayatusa_ keterlaluan cak imin mau menjerumuskan pak jokowi 3 periode;Negatif
@sasasayatusa_ Kenapa rakyat ingin Pak Jokowi lanjut 3 periode? Karena berhasil membangun Indonesia;Positif
@fwlare @airlangga_hrt Catet dia yg mo bikin malu jokowi 3 periode;Negatif
"@KompasTV Bu Puan VS Pak Ganjar VS Pak Jokowi 3 periode

Mantab ibu...💪";Positif
@JempolJohan @msaid_didu Kalo di jepang udah mundur atau kalo yg lebih sadis lagi ditawor rakyatnya. Kalo di film2 bisa minta 3 periode;Negatif
@sasasayatusa_ mantap, stop bicara 3 periode,;Negatif
"@sasasayatusa_ dukung pemerintah fokus bekerja, stop bicara 3 periode,

#PenundaanPemilu
#Tolak3Periode
#tolaktegaspenundaanpemilu";Negatif
@An_Kiim Strategi untukengalihkan perhatian untuk kasus 3 periode;Negatif
@budi_anwirra @Putr1_Tungga1 Belommm....kalok 3 periode nder;Netral
@An_Kiim Bentar lagi para ustadz, guru ngaji, guru TPA di kumpulin dibayar untuk hal yang sama sekaligus dukungan 3 Periode.;Negatif
"@Putr1_Tungga1 2 Periode aja dah Cukup bikin Kadrun Onani Berjama'ah
Apalagi kalok 3 periode
Tugel Peline";Netral
@CNNIndonesia Klo gagal mendingan turun aja jd presiden kayak gini mau 3 periode;Negatif
@KompasTV Kalo sy dipercaya 3 periode, Tak akan Saya Biarkan;Negatif
@KompasTV Yang itu udah gak bakal kepilih lagi kecuali keukeuh 3 periode..;Netral
@sasasayatusa_ hadehh,, tolak 3 periode gaes!;Negatif
@sasasayatusa_ hanya partai koalisi yang dapat menampar wajah pak Jokowi mengusulkan 3 periode;Negatif
@paakkeeeet kebijakan 3 periode juga gagal :(;Negatif
@keuangannews_id Pak ktanya petani sawit pengen Jokowi 3 periode, coba datangi lagi mereka pak.;Positif
@sasasayatusa_ Presiden Joko Widodo sudah menegaskan jika tidak ada jabatan presiden 3 periode;Negatif
@KompasTV Bru Kita pilih orang bodok 3 periode lagi????;Negatif
@SirianaGde Kalau terjadi periode ke - 3 .. pasti akan lebih mengerikan daripada perang dunia ke-3 .,;Negatif
@ArdityaChandra4 @kangdede78 @aniesbaswedan Siapa Jokowie Bilang 3 Periode Hahaha Tolol;Netral
@sigitwid @aniesbaswedan Kemaren ada yg buat kampanye 3 periode mingkem lu !;Netral
@NayDonuts @yulitasaarii___ @jokowi orang ini yg kemaren juga bikin kisruh penundaan apa yg 3 periode ya....;Negatif
@mohmahfudmd Hrs diganti karna gak strong ya Pak Mahfud, disamping gagal 3 periode ?;Netral
@ChusnulCh__ @DKIJakarta Maunya gambar 3 periode ya . . . . 🤣🤣🤣🤣;Netral
@jokowi Cacam pak...3 periode pak;Positif
@farididoev Mulakno 3 periode, ben kasembadan;Netral
@shotarotidur @yurizhialfa gak sekalian aja shotaro 3 periode? 😃;Netral
"@Abaaah kalau kurang puas, msh ada wacana 3 periode &amp; penambahan masa jabatan bah~😃🤦‍♂️";Positif
@SangGuru2471 @mohmahfudmd Rakyat masih cinta jokowi peesiden, 3 periode lanjut👍;Positif
@CNNIndonesia semoga di periode ke 3 lebih baik pak;Positif
@sigitwid @aniesbaswedan gak taulah, sebagaimana jokowi gak tau bawahannya ngusul jokowi 3 periode;Negatif
"@privetbro1 Tinggal 2 tahun kok, saya tidak kuatir, asal jangan 3 periode aja.
Oraaaa!";Negatif
@cintuckydiary Emg sharing hukum bermanfaat ya ? Sedangkan kenyataannya fakta berbanding terbalik dengab teori. Contohnya jokowow 3 periode;Netral
@De34Naeun Dukung aku sampai 3 periode nuna;Positif
@PKSejahtera klo begini, berarti bener Jokowi Harus 3 Periode hahahaha;Positif
@CNNIndonesia Kalo mau 3 periode ..harus ikuti kehendak mafiab;Negatif
@arcadipolis GUA BARU PDKT, apapun hasilnya pilih jokowi 3 periode;Positif
@Muhamma13646518 @SITINUR51514627 @aniesbaswedan @Jakartaeprix Muntahin aja... saya maunya jokowi 3 periode;Positif
"@mohtahid Masih minat 3 periode Bong ?
#OligarkMakinBrutal";Negatif
Kenapa menteri agama gak gantian ya, periode 1 dari Islam, periode 2 dari Kristen, periode 3 dari Hindu, dst. dst.;Netral
"@kumparan Ngurus migor aja sampe kocar kacir. Minta 3 periode.
Anjing ngelunjak .";Negatif
@VIVAcoid Abaikan berita ini. Fokus gagalkan 3 periode/perpanjangan masa jabatan. Runtuhkan semua proyek penjajahan naga2;Negatif
@kasito17 @Rizmaya__ @aniesbaswedan Ada yg kampanye 3 periode mingkem lu !;Netral
@Andreas56524611 @alextham878 Big dusta opung lbp demi 3 periode?? Denny siregar memfitnah mahasiswa tdk puasa kenapa tdk diciduk??;Negatif
@TenaboloDade @alextham878 Big dusta opung lbp demi 3 periode?? Denny siregar memfitnah mahasiswa tdk puasa kenapa tdk diciduk??;Negatif
@Gondo_Maruto @alextham878 Big dusta opung lbp demi 3 periode?? Denny siregar memfitnah mahasiswa tdk puasa kenapa tdk diciduk??;Negatif
@Kuasaangin02 @alextham878 Big dusta opung lbp demi 3 periode?? Denny siregar memfitnah mahasiswa tdk puasa kenapa tdk diciduk??;Negatif
@aliandofirlano @alextham878 Big dusta opung lbp demi 3 periode?? Denny siregar memfitnah mahasiswa tdk puasa kenapa tdk diciduk??;Negatif
@oktafian @alextham878 Big dusta opung lbp demi 3 periode?? Denny siregar memfitnah mahasiswa tdk puasa kenapa tdk diciduk??;Negatif
@cybsquad_ @jokowi @Kiyai_MarufAmin @adeyasinn apakah yg dukung 3 periode .... ?;Netral
@OemarFaruq9 @alextham878 Big dusta opung lbp demi 3 periode?? Denny siregar memfitnah mahasiswa tdk puasa kenapa tdk diciduk??;Negatif
@AdamRiz66589759 @alextham878 Big dusta opung lbp demi 3 periode?? Denny siregar memfitnah mahasiswa tdk puasa kenapa tdk diciduk??;Negatif
@kangdede78 @aniesbaswedan Ya mending anis presiden dari pada melanggar konstitusi untuk 3 periode;Negatif
@Koko67793366 @alextham878 Big dusta opung lbp demi 3 periode?? Denny siregar memfitnah mahasiswa tdk puasa kenapa tdk diciduk??;Negatif
@Zackf77156873 @alextham878 Big dusta opung lbp demi 3 periode?? Denny siregar memfitnah mahasiswa tdk puasa kenapa tdk diciduk??;Negatif
@suwardi_unisri @alextham878 Big dusta opung lbp demi 3 periode?? Denny siregar memfitnah mahasiswa tdk puasa kenapa tdk diciduk??;Negatif
@OhNooo_777 @M4young_ @DivHumas_Polri Big dusta opung lbp demi 3 periode??;Negatif
"@EriekaAmelia @susipudjiastuti Makanya di tambahin waktu u/ periode- 3 , biar kelar... 
Hancurnya....??? 😂";Negatif
@sigit_kiss @M4young_ @DivHumas_Polri Big dusta opung lbp demi 3 periode??;Negatif
@SonjayaSyaiful @M4young_ @DivHumas_Polri Big dusta opung lbp demi 3 periode??;Negatif
@DokterTifa Bu dok mending istirahat medsos deh main sama cucu. Jokowi mau 3 periode masih aja pakai term cebong2an.;Netral
@democrazymedia Salam 3 periode;Positif
@psikopret nangisin jokowi mw periode 3;Netral
@CNNIndonesia Meski gagal, namun kalau diperpanjang masa jabatan atau lanjut 3 periode ga nolak ya pak de?;Netral
@BiinHidayat @keuangannews_id Kabulkanlah yg ini 3 periode ya Allah....., Aamiin...;Positif
@CNNIndonesia Minyak goreng bisa normal lagi kalau saya 3 periode;Positif
@BatakIsMe_ Perih emang gagal 3 periode;Netral
@Mdy_Asmara1701 kalau memang sudah gak mampu silahkan mundur, bukannya minta 3 periode..;Negatif
"@YanHarahap @Lokomotif881 maka nya mereka menginginkan 3 periode...
yg berkuasa sebenernya siapa hayo ?";Negatif
@IstanaLurah Mudah mudahan sekaratnya 3 periode;Netral
"@YanHarahap Ada lagunya,,""sebagai presiden yg tak dianggap aku hanya bisa mencoba bertahan....(minta 3 periode)"" hahaha";Netral
"@HASapardan Sekarang aja paling sering lempar issue 3 periode; diam2 pengen nyalon lagi nih pak Beye 🤭.";Netral
@cakimiNOW @hanifdhakiri Bapak 3 Periode;Positif
@msaid_didu Begini aja minta 3 periode😁;Netral
"@ffxkdzdy ""menurut kamu gimana kalo pak presiden menjabat 3 periode?""";Netral
@unnesmenfess pak fathur gmau 3 periode?;Netral
@Mdy_Asmara1701 Lanjutkan 3 periode?;Netral
@Naollivia @HanastiNasution @jokowi Yg kasih opsi 3 periode pan pkb golkar... Maklum gak punya tokoh 🤣🤣🤣🤣;Netral
@dapitnih Biar bisa proposal 3 periode om;Positif
@NastarBubuk @CNNIndonesia 3 periode dan bangun IKN;Positif
@aedialism Tak kira nunggu 3 periode hokage;Netral
"Ga ada 3 periode dalam undang2
Kenapa mesti ada diskusi... 
Kopigman";Negatif
"@LurahIstana Padahal tuan presiden sudah sangat jelas menyebut
1.Sukseskan pemilu 12 april 2024
2.lupakan wacana 3 periode";Negatif
@unnesmenfess kukira pak fath00r bisa 3 periode;Netral
@jokowi Begini kwalitas nya,minta 3 periode pula,memalukan.;Negatif
@CNNIndonesia Udah gagal minta 3 periode AMBYAR;Negatif
@Mdy_Asmara1701 Begitu gigihnya beliau membela mafia migor.. demi 3 periode.;Negatif
@darjofess debat masalah 3 periode ae;Netral
@CNNIndonesia klo gak mampu ya mundur, bukannya minta nambah masa jabatan atau 3 periode;Negatif
@maungngomul yg kayak gini mau 3 periode?;Negatif
@CNNIndonesia Karena banyak hal yg gagal, jadi harus 3 periode atw nambah masa jabatan gitu?;Negatif
@jokowi Karena presidennya tidak becus ngurus negara pa'de tapi mau 3 periode.;Negatif
@SOERYAWAD1 @jokowi Bilang pendukungnya yang vminta penundaan pemilu ata 3 periode untuk mikir atau ingin memanfaatkan beliau;Netral
@Ardiesuhardi1 Ada yang 2 periode gak ngasilin apa apa, utang makin numpuk, malah pengen 3 periode gi;Negatif
@abu_waras Sudah gagal total masih maksa pengen 3 periode, kan goblok alias belegug total.;Negatif
@UyokBack Yg menang lembaga survey 3 periode Mbah...;Netral
@AtokMiauw99 Berarti anda salah 1 orang yg tdk termasuk dalam 110 juta Big Data Luhut yg menginginkan 3 periode..😁;Netral
Gak ada ya periode 3, ini orde baru, masa periode maksimal cuma 2;Netral
"RABU, 27/APRIL/2022,

RESULT PASARAN BURMA
PERIODE KE - 1769
PRIZE 1 : 5616
PRIZE 2 : 6932
PRIZE 3 : 8070
SELAMAT KEPADA PARA PEMENANG";Netral
@dearparksungjin Wkwkwkkwkwkwkwk aku juga mencoba merecall dritadi hapus post hapus post 😭🖐️ SAMA-SAMA~~~ SALAM PARK BROS 3 PERIODE;Positif
@papa_loren Lah kalo minta 3 periode ?;Netral
@CNNIndonesia Lalu masih ada yg ngomong 3 periode;Netral
@VICE_ID ada jokowi 3 periode;Positif
"@susipudjiastuti @AcehSelatanSatu Matur nuwun pak @jokowi atas kebijakan mu yg sudah cukup bikin petani menderita.
Gassss 3 periode...😝😝😝";Negatif
@pinkyrosse boleh 3 periode asal w yg jadi wakilnya;Netral
@MemeComicIndo Dalam senyum bpknya terucap “ fix 3 periode gua “;Netral
Hujannya 3 periode;Netral
@Mdy_Asmara1701 @banyubening0310 Semuanya gagal maning, semoga 3 periode dan tunda pemilu juga gagal.;Negatif
"@CNNIndonesia Gagal maning.... Minta 3 periode..
Apa gak malu yak..??";Negatif
@dapitnih Udah gagal pengen 3 periode 🤭;Negatif
@Ghazy_Seabed Gitu .nyolot minta dukungan 3 periode;Negatif
"@JhonPlenton @KakekHalal Otak mana broo ?
Situ ngigau 3 periode mas....🤭🤭🤭";Negatif
@xbayik @krystalz Cocok banget ni slogan buat kabil periode 3;Netral
@Attilathehunt19 Mendingan ganti sama akang saja kalau ada 3 periode;Netral
@NastarBubuk @CNNIndonesia Ttp 3 periode;Positif
"Buka Tutup Export CPO, akhirnya Petani Sawit yang paling terdampak. 

Petani Sawit konon katanya mendukung 3 Periode….";Netral
@Ajudan75 Jgn mau dibohongi pake penundaan pemilu atau 3 periode 😂;Negatif
@sherifwoody___ skrng kita dukung jokowow 3 periode demi kebaikan brsma;Positif
@sickboycup gass, wajib 3 periode 🔥;Positif
@KakekHalal Mana lebih brengsek 3 periode pembajak kontitusi;Negatif
@CutSarina5 @UtunBack @yaniarsim Nambah lagi puasanya bunda jadi 3 periode... 😂😂😂;Netral
@shakyllll_ kawal Jokowi 3 periode 🔥;Positif
@Helmi_Felis Dia aje ganjen ngebet 3 periode;Netral
@WagimanDeep212_ @erickthohir ya si pembuat onar 3 periode.. 🤣🤣🤣;Negatif
@spunxxpearl 'wacana 3 periode itu merupakan hak demokrasi masyarakat';Positif
@CNNIndonesia Akan dengan mudah sy bereskan dan tuntaskan jika jabatan presiden diperpanjang 3 periode....;Positif
@GusDaAD @PartaiSocmed Mungkin karena itulah wacana 3 periode di hembuskan;Netral
@idextratime Lanjut 3 periode;Positif
"5. Tulis “done” dan mention 3 teman untuk ikutan di kolom komentar
6. Periode 27 April-4 Mei 2022";Netral
"@susipudjiastuti Baru senang mau teriak 3 periode? 
Ehhh kecebong akhirnya..! 🤣🤣🤣";Netral
@convomf gabakal, soalnya gaada presiden 3 periode;Negatif
@convomf ga banget, ga usah maruk pgn 3 periode deh;Negatif
@detikcom Pecah belah di mana2..... salam 3 periode..........;Positif
@KompasTV Jadi deh 3 periode..😂;Positif
@lampungbase 3 jaman apakah sama dengan 3 periode?;Netral
💙 guys, pendapat kalian ttg presiden 3 periode gimana?;Netral
@gombang Mbak Puan selalu konstitusional menolak 3 periode. Hamdala.;Negatif
@mochaaargh Otw 3 periode man wkwk;Positif
@ainunnajib @na_dirs Polarisasi akan selesai tahun 2024. Yg penting tidak ada 3 periode.;Negatif
"@kasep6683 @DokterTifa Klo minta 3 periode...pny etika g???
Kandang celeng kau @kasep6683";Negatif
@kurodai556 @alisyarief Padahal elonmusk gak yakin dg 3 periode , wahahaha;Negatif
@Heraloebss Elon nolak krn RI masih ribut cebong kadrun, radikal radikul, teroris , 3 periode dll 🤫;Negatif
@fsapradana @dinikopi13 Hahaha. Dan gua malah mengulangi lagi periode pusingnya 3 tahun kedepan;Negatif
"@democrazymedia Kang Cendol yg teriaki Jokowi 3 Periode aja,dapet bayaran 200rb.
Tibang puan.😂 
Paling banter Nasi uduk.";Negatif
@mus_tanjung @AnthonyBudiawan Lu amandemen dulu UUD baru 3 periode;Negatif
@Helmi_Felis Urusan minyak, urusan perpanjangan, urusan 3 periode... 🙈 smk lebih canggih dari tesla pak pakai enegi siluman.;Negatif
@msaid_didu 3 periode om cara dari pak lutut 😆;Negatif
@OposisiCerdas Seperti halnya omongan nggak ngedukubg 3 periode. Padahal sebaliknya. Gitu kan...;Negatif
@OposisiCerdas @Syahsribm Terus nyinyir 3 periode sampai stress 😀😀;Positif
@RecehEverywhere Kalo gak diganti2, bahkan minta 3 periode namanya oligarki;Negatif
@eidosx Jokowi lagi menghibur diri. Jagung sedang oprek kartel migor. Dimana dana yang di korupsi di duga untuk biaya 3 periode.;Negatif
@VIVAcoid Maka butuh 3 periode;Positif
@stafsuscolonial Wahhh bisa² ga sngaja 3 periode wadohhhhh;Negatif
@KodokAnti @EndangUban @dnayza1212 @jokowi @SBYudhoyono gibran betul...emang gak ada 3 periode...akal2an @AgusYudhoyono aja itu;Netral
@txtdarigajelas Setelah melakukan Rumbling Eren mencalonkan diri jadi Kades Nagrak dan Sukses terpilih 3 Periode;Netral
"Sama Luhut aja anda @Jokowi tidak berani sok²an minta 3 periode.
Tanggung Amat sekalian aja 100 periode.";Netral
@aurouroa Sejak ada usulan 3 periode;Netral
@achzam_prabu @PKSejahtera Belum dapat kunci rumah isteri orang dia jadi ngelantur 3 periode🤣;Netral
@UyokBack Dia yg umbar janji sementara Anies yg tepati janjinya, gini koq minta 3 periode, mikiir!!!!!;Negatif
@VIVAcoid Masak Dukung 3 Periode mau....dukung supaya Presiden punya wibawa dan nama baik dimata rakyatnya ogah....?;Negatif
@VichiReborn @RFauzy5 Epek tidak di restui ingin 3 periode oleh Ema banteng;Netral
@rasjawa Sidoarjo juga Om, 3 periode Bupati jadi kawan KPK semua;Netral
"@prayogo_yetno @GeiszChalifah Terus ????
Waktunya anies berenti pasti ..ga minta tmbh 3 periode...ga kek si jokowo..
Kandang celeng kau !";Netral
@isna_592_700 @monpierc Kayaknya bisa lanjut ke 3 periode sih;Positif
@LurahIstana Di PILPRES kita disuruh pilih Prabowo atau Jokowi knp yg kuasa Luhut, malah minta tambah 3 periode.;Negatif
@PartaiSocmed @jokowi Pantesan kalau tuch pengusaha mendorong 3 periode.;Negatif
@Hamas191 @msaid_didu Hebatnya nya ya bisa bikin yg nyinyir 3 periode sampai stress 😀😀😀;Negatif
@msaid_didu Profesi nyinyir 3 periode 😀😀😀;Negatif
@AbabilSemprong @TutisoeAksoed @msaid_didu @gibran_tweet Solusinya nyinyir 3 periode sampai stress beneran😀😀😀;Negatif
@henrysubiakto Krna ingin berkuasa jd minta 3 periode..profesor kelas kecoa;Negatif
"@keuangannews_id Walaupun tidak sereaktif Wadas, 
daripada tidak sama sekali.
Menyerah direbutnya tanah, karena obsesi penguasa 3 periode.";Negatif
@syahrial_nst @elonmusk Ah kt siapa, sok tau lo. Gorengan basi 3 periode.;Netral
@syahrial_nst @elonmusk Siapa yg memperjuangkan 3 periode?;Netral
@LurahIstana Mugo2 gagal modar Kabeh panitia 3 periode panitia ikn;Negatif
@AYBS_OFFICIAL Kaga percaya kmrn aja bilang 3 periode pret talk to my hand;Negatif
@NephiLaxmus @fajarnugros 3 periode bisa lah..;Positif
@geloraco Ngumpet di gorong2 aza, aman... keluar ntar jadi presiden 3 periode di wakanda;Negatif
@IbnuAnakrimba @panca66 @msaid_didu Salam 3 periode;Positif
@agusfaj1090 @DokterTifa Nongol juga Pendukung 3 periode;Netral
@RieGucciano Pantesan kekeuh minta 3 periode yah.... Biar puass ngegarong dan keliatan makin longor pak jokowi nya;Negatif
"RABU, 27/APRIL/2022,

RESULT PASARAN BURMA
PERIODE KE - 1768 : 
PRIZE 1 : 8733
PRIZE 2 : 8494
PRIZE 3 : 2380
SELAMAT KEPADA PARA PEMENANG";Netral
"@KompasTV Ternyata kita selalu saja di PHP,entah sampai kapan PHP ini akan berakhir.
efek dari maksa mau 3 periode";Negatif
@msaid_didu Jadi bintang iklannya. Wooow, jangan jangan mensponsori 3 periode juga...;Netral
@ChusnulCh__ @BEMUI_Official Segera desak pak Jokowi 3 periode.🙏;Positif
@AwkwardMaannn Tutunan cina jawa kali tuh yg serakah....kepingin 3 periode segala.....hancur indonesia....;Negatif
@CNNIndonesia Yang pasang stiker di mobil dan baliho 3 periode itu juga kali ya ? 🤔🤔🤔;Netral
@beyoursss_ Di tunggu yah, kalau periode skrng sampai 2/5 Mei, nah setelah itu nunggu 2-3 hari uang nya bakal cair;Netral
"@KompasTV Hadiah lebaran terindah dari sang rezim?
Membanggakan. Kalau 3 periode mah... saya pasti dukung";Positif
LBP gencar kesana kemari itu untuk siksesi 3 periode dan ikn.karena jika sampai gagal konsekwensi dari MSS itu nyata ada nya.;Netral
"Jadi, heboh minyak goreng langka kemarin itu akibat ulah yang mau upayakan 3 periode? 
Kalian memang setan semua! 👿";Negatif
@Nicho_Silalahi @NichoSilalah1 @jokowi Salam 3 periode utk pak jokowi;Positif
@democrazymedia Awalnya batu bara, terus minyak goreng, semoga pernyataan 3 periode tdk diralat juga;Negatif
@Dennysiregar7 @jokowi Hebat,,lanjut 3 periode atau 7 Turunan ,,kalo perlu seumur hidup,,,gkgkgk;Positif
@Rheina999 Aku dukung 3 periode✌;Positif
@uusbustami Kondisi yang sangat pantas untuk lanjut 3 periode... 🙈;Positif
"Luhut mau menekan @elonmusk utk dukung Jokowi 3 Periode.
Seprti yg dilakukannya kepada @cakimiNOW @airlangga_hrt @ZUL_Hasan 
🤣🤣🤣";Positif
@IMCMushroom Ga dianggaplah..wong ga ngerti apa2 koq..mknya mending mundur lu..cm dakocan aja minta 3 periode..dasar muka tembok;Negatif
@AV4tarPemburu @jokowi ga ngefek mas, ga mungkin pak jokowi 3 periode. pulang mas anak istri mu nungguin tuh.;Netral
"@Dennysiregar7 @coffeecreamtea Hajar.
Apalagi konon keuntungan sawit mau dipakai biayai isu 3 periode";Negatif
@akusorayaa wah kayaknya masih kurang nih, lanjut 3 periode ya;Positif
"@VIVAcoid PK Dhe kami siap 3 periode....
Semangat pak Dhe....
Kata cebii";Positif
@KompasTV Petani sawit maaih mau dukung jokowi 3 periode ?;Netral
@Kamumu8 kan kalo jokowi gak jadi 3 periode, dilanjut sama puan. wkwk sama aja;Netral
@KompasTV Masih semangat pilih Jokowi 3 Periode?;Netral
"@KompasTV Sdh lebih 7 tahun berkuasa masih gamang dan coba-coba, kapan seriusnya.? 
Apa perlu 3 periode atau lebih yah..🤣";Negatif
@susipudjiastuti Masih ada yg mau 3 periode ?;Netral
@ZahraAm66707381 @faletalimalo @Mentimoen Jadi ini berita dihembuskan pas rame demo tolak 3 periode yg hembuskan pak muldoko;Netral
@SR_VIDHI Ngaku Membela UUD 45, tapi minta tambah 3 periode...pekok;Negatif
@OposisiCerdas ada datanya? spt dukungan 3 periode utk pak jokowi kemaren.;Netral
@jvdas_iskariot Cakep.... 2 periode om.... Jng 3 ya....🤭🤭🤭;Netral
@najmul_romadhon Yg paling bermutu yg selalu dengungkan 3 periode yg jelas melanggar konstitusi atau partai juara korupsi itu ya mas?;Negatif
@aprlntml jadi menurut kakak, gimana nih soal pak jokowi 3 periode?;Netral
@syahrial_nst @elonmusk 3 periode? Anda lagi mengigau ya?😂😂😂😂;Negatif
@henrysubiakto bapak baper gk klo gk jadi 3 periode;Netral
@democrazymedia hal yg sama akan terjadi di 2024, yaitu boleh Nyalon lagi president tuk 3 periode....dah ke baca;Netral
"Masa Jabatan Presiden Indonesia 3 Periode itu TERBAIK.
Jangan tiru Amerika.
Ayo #AMANDEMEN UUD kita, segera.";Positif
"@geloraco Masa Jabatan Presiden Indonesia 3 Periode itu TERBAIK.
Jangan tiru Amerika.
Ayo AMANDEMEN UUD kita, segera.";Positif
@NephiLaxmus Sementara petani sawitingin jokowi 3 periode kata erlangga....🤣🤣🤣;Positif
@03__nakula Akhir drama 3 periode yg dipaksakan Cak Imin, Kita tunggu story end nya.;Netral
@detikcom Jadi urusan 3 periode kumaha?;Netral
@ChusnulCh__ Santai aja bong, kan baru survei. Siapa tahu riilnya 3 periode.;Positif
@NayoanAngelyca @Kiyai_MarufAmin Apa masih berambisi 3 periode juga Mbah?;Netral
@ChusnulCh__ Lo kok gajadi 3 periode ?;Netral
@DokterTifa lanjutkan 3 periode, kalo ganti presiden nanti lord ga kebagian fee lagi;Negatif
"@Helmi_Felis Dr wajahnya beliau lg mengingat hapalan bang...teksnya nggak kebawa...😄😄
Begini di gadang2 3 periode..hadeuh..!!😇😇";Negatif
@BukanKDrone @Mdy_Asmara1701 Pakde mau 3 periode? Masih kurang? Mau ketemu lagi di pemilu 2024 😜 gatau diri sama serakag banget sih;Negatif
@AnthonyBudiawan Pantesan mereka pingin Jokowi 3 periode atau kalo bisa seumur hidup. Gampang dikadali;Negatif
@senjatanuklir Ya bener sih, sampe koordinasiin Presiden 3 periode ke ketum partai dan menteri saking aktifnya ya 👍;Netral
"Kapan Sih Drama Seleb Dadakan Di negeri wakanda ini Tamat, ?? 
Kapan Bikin Nuklirnya yang mulia dipaksa 3 periode ??!!";Negatif
@evalez_fr Malah pd ngotot mau 3 periode,semua serba amburadul..😅😅😅;Negatif
"@detikcom Mungkin memperkenalkan dirinya seperti itu.
Kalau ngaku presiden kan melawan hukum. 
Nanti bisa spt 3 periode.";Netral
@democrazymedia Jadi yg 3 periode pasti ada dong;Positif
@davinavrnc Kasian parag boro2 mau 3 periode, 1 periode aja ga sampe;Negatif
@VIVAcoid Lanjut 3 periode 😁🤪;Positif
@ceritanyaginii minum yg byk klo ga than napas 3 periode;Netral
@keuangannews_id Lanjut 3 periode.......!!!;Positif
@Lilykiyowo_ Kayanya bahas 3 periode sih kak~;Netral
@beritaminangcom Banteng kesel di Sumbar ga dpt kursi, gubernur 3 periode kader PKS;Netral
@faris_sina PPN 20% kalau pelayanan publik baik okelah, kalau masih meragukan ya emoh... nambah 1% saja sama nyebelin kayak nambah 3 periode;Negatif
"@Ghazy_Seabed Note..buat bukan saudaraku
Jgn memaksa diri utk melanjutkan 3 periode ntar Capek sendiri😂😂";Negatif
"@Sarusy2 Nganu cuma tes ombak doang
Endingnya 3 periode😂😂😂";Positif
@AnthonyBudiawan Kalau kek gini ..Masih mau lanjutin 3 periode ..?? Dungu kalen2..;Negatif
@AnggitaWiryo @aniesbaswedan Setuju Jokowi 3 Periode ...;Positif
"Kondisi negeri lagi carut marut, Luhut lagi bermanuver cari dukungan untuk pengerak 3 periode.
#MenyelamatkanAset";Negatif
@yourbae Gojowidodo 3 periode?;Netral
@gibran_tweet Suruh masuk got wae koyo bapak mu bran ! Kan adem bange't terus iso dadi presiden malah njaluk 3 periode 🤣🤣🤣🤣;Negatif
@IstanaLurah Sepertinya penista sedang di dukung untuk maju ,jika joki tidak dapat perpanjangan atau 3 periode ..;Negatif
"@andiebs @EndangUban @dnayza1212 @jokowi @SBYudhoyono hahahaha setelah di demo penolakan 3 periode berturut2 ?
kemarin kemana aja 😃";Negatif
@Muhamadrezaaa biarin aja si.. orang mau cari atensi biar ga 3 periode. wkwkwk;Netral
Spanduk 3 periode dibalas dengan mural turunkan jokowi. Bisa?;Negatif
@LiterasiTypo Nah.... Gak minat tapi hadir di deklarasi 3 periode sambil cengengesan;Negatif
"@Helmi_Felis ""Kita masih berkutat hal-hal yang tidak produktif"" &gt;&gt; 3 periode, minyak goreng, kendi, hutang numpuk, korupsi, dll";Negatif
"@GeiszChalifah Jdi ingat pimpinan lembaga survey yg berpikiran 3 periode,clue-nya MQ.
Kesana kemari jualan 3 periode sayangnya kagak laku !";Negatif
@henrysubiakto @bfitrikananda Kalo ngotot tunda pemilu atau perpanjang 3 periode sih ga apa2 ya?;Positif
@KompasTV Mungkin bahas Minyak Goreng bekal 3 periode?;Netral
@AzzamIzzulhaq Gak konsisten sama kebijakannya Pede amat minta 3 Periode ☝️😝;Negatif
@Reiza_Patters Ganjar ya ibarat jokowi 3 periode itu mah, nyungsep eh meroket again 🤣;Netral
@Vanyudha2 @RestyCaayah @Puspen_TNI ngedumel g jadi 3 periode;Netral
Jokowi 3 periode ge salah gua;Netral
@keuangannews_id Bagaimana dgn 3 periode Bu ..;Netral
@__Sridiana_3va Tunda pemilu, tapi 3 periode setuju 🤣;Positif
"Ini beneran udah mau normal kan?
Udah bisa nonton konser tanpa masker kan?
Gak prank cuma karena pengen 3 periode aja kan? Heheu";Negatif
@FaisalBasri Sepandai-pandainya ngeyel 3 periode, niscaya tetap ngeyel aja terus.;Negatif
"SELASA, 26/APRIL/2022,

RESULT PASARAN BURMA
PERIODE KE - 1767
PRIZE 1 : 9627
PRIZE 2 : 8089
PRIZE 3 : 1006
SELAMAT KEPADA PARA PEMENANG";Netral
"@keuangannews_id Golkar biang keladi isu 3 periode hahaha....
🤮🤮🤮🤮";Negatif
@Helmi_Felis Kalau g didemo ntar 3 periode dia? Rakyat yg mumet 🤣;Negatif
@PKSejahtera @jokowi wis tolak 3 periode, lah iki piye to and end and end game, wong game ra enek kang #ruwet;Netral
@geloraco GAK PERNAH KONSISTEN MINTA 3 PERIODE GAK MALU APA ? ☝️🙄;Negatif
@keuangannews_id Masalahnya disamping tunda pemilu juga 3 periode.!!;Netral
@bdngfess Pro dan kontra 3 periode jokowi;Netral
"@henrysubiakto Ingin berkuasa????? 
Kirain yg ngusulin mau 3 periode yg ingin berkuasa terus 😀😀";Netral
@henrysubiakto Yg ngebet 3 periode itu gerombolan mu;Netral
@8dxvx kue dari jaman jadul sampe jaman mau 3 periode ini 😪;Netral
"@henrysubiakto Yang ingin berkuasa itu yang ingin 3 periode...
Otak mana otak....";Negatif
@Fahrihamzah Saya tetap berharap Jokowi 3 Periode;Positif
@F_FeniJKT48 Finally setelah sekian hampir 3 periode akhirnya up tiktok;Netral
@PutraErlangga95 Menyatu biar kenyang 3 periode kata Orang Sunda, menyengsengsarakan.....;Negatif
@koala_tidurzzz Awokawokawok Anggi wanita lemah lembut? Lebih percaya jokowi 3 periode sih;Positif
@henrysubiakto @bfitrikananda Apa bedanya dengan Jokowi yg juga ingin berkuasa bahkan ingin 3 periode?;Positif
@ChusnulCh__ Kl sy sih milih ganjar jd ketua badan sensor film nasional sj... Boleh sampai 3 periode menjabatnya...;Netral
@UyokBack kalo ini saya sangat SETUJU. pakde itu emang ga ada dua nya, pokok nya 3 periode kepalang ancur.;Negatif
"@Peterbolohooo @huzprince90 @KompasTV @MafiaWasit 2024 JKW gak jadi 3 periode, gara2 simbah...
🙏";Netral
@OposisiCerdas Ini orang keknya layak dijadikan contoh pengadilan rakyat seusai Ade armando..gak pernah diam bicara 3 periode..;Negatif
@eoudgia Sambil tolak 3 periode kak;Negatif
@bangZhack86 Ini makanya pada ngedukung 3 periode ... Wong pejabat dimajain ... Wkwkwk;Positif
@ivorydazed Gw sih pengennya 3 periode sama lo;Netral
@Nicho_Silalahi @jokowi Makanya ga aneh kan kalo si Luhut mati2an maksain 3 periode ???;Negatif
@kompascom Setelah memunculkan 3 periode, kini mengigau nyuruh indo tekan rusia... ORAAA.. hahaha..;Negatif
Lo semua lupa apa luhut yg kemaren sampe mulutnya berbusa busa bilang 3 periode;Netral
"Yg bikin bangkrut pasti penyelenggara negara..
NO DEBAT,NO 3 PERIODE ,PT O%
#IndonesiaTerancamBangkrut";Negatif
@bernadgh Yg getol kampanye 3 periode jg banyak;Positif
"@KRMTRoySuryo2 Itu manusia ngomong asal njeplak aja 
Gitu mau minta 3 periode";Negatif
@LostlnReverie Gimana pendapat mimin soal presiden 3 periode?;Netral
@Penyuka_ombak @ArSunantoaris @elonmusk @jokowi wah.. ini fix 3 periode ajalah.;Positif
Kangen teman-teman PLKH ku yang lucu-lucu :( semoga idup mereka berbahagia selalu, gak ngalamin jokowi 3 periode;Negatif
@bachrum_achmadi PEKAES TERUS AKAN GORENG NARASI LICIK DAN BUSUKNYA PRESIDEN 3 PERIODE AGAR SUPAYA GEJOLAK POLITIK SEMAKIN PANAS;Netral
@naliisaa udh 3 periode 👍;Positif
Eman si pak sih klo kaga 3 periode . Apalagi yg punya kepentingan disekitar Anda .;Negatif
kalo udah nyaman mah susah, walaupun lu pernah setuju jokowi 3 periode tetep gua terima;Positif
@diemtolol Wild imagination gue sih jokowi 3 periode;Positif
@snxw_tiger Salam utbk 3 periode wkwk;Positif
@alisyarief Krn calon kakak iparnya ingin 3 periode🤣🤣🤣;Negatif
@UtunBack @PutraErlangga95 @VirtualThumb22 Itu ceritanya,segitu, kenyataanyamah pan pengen 3 periode;Negatif
"Kenapa Presiden ngotot bangun IKN? 
Karena buat alasan 3 periode.
Sesimpel itu.";Netral
@Sinefail Paling di dukung. Kan baru saja keremu dengan lord Luhut, pasti di bisikan duduk jokodok 3 periode 😂😂;Positif
@4nneve Pantasan Minta 3 periode .;Netral
"@shitegoblin Elon: ""saya dukung 3 periode""";Positif
@TXTdariHunter bu puan/jkw 3 periode? wkwkwk;Netral
@snzuhrchyo @iJOLYN3 pilih kajol 3 periode;Netral
@lalapo____ Aku mendukung mb atul 3 periode;Netral
"@Dennysiregar7 @jokowi Bisa ae lu bang 
3 periode enak si";Positif
@henrysubiakto kl yg ngebet sampe 3 periode dlm rangka ingin berkuasa atau ndak?;Negatif
@Dennysiregar7 @jokowi Mau jadi pahlawan, agar ada pencitraan 3 periode.;Negatif
@henrysubiakto @bfitrikananda Minta 3 periode itu artinya ingin berkuasa terus ya prof;Netral
@kompascom Salam 3 periode 😁😁;Positif
@RaniKancana__ @achzam_prabu Yg ngeyel 3 periode siapa ya???;Netral
@henrysubiakto Apa lantaran program 3 periode, yg lain menjd tabu utk dicapreskan ?;Negatif
@Aaralinnn iya kan aku 3 periode lin;Positif
"@dmaharika @theyycallmebass @clarichanzu wah.. ditinggal setahunan di negri org, indo udh se-modern itu ya..

apakah akan 3 periode?";Netral
@detikcom Lah buat apa udah vaksin sampe 3 periode? Eh 3 kali;Netral
@kapianih_ Mending milih 3 periode ae mba;Positif
@mayangsitariii wayah e takok “opo o kok jokoway 3 periode?”🗿;Netral
@AbuNawa19505357 Seret otak 3 periode ke pengadilan..;Negatif
@Dennysiregar7 @jokowi Bagi penghembus Jokowi mundur, Jokowi 3 periode, mana suara kalian? Dikala ada larangan ekspor sawit?;Netral
@sasasayatusa_ Semoga bisa 3 periode Aamiin...namun pasti tergantung bagaimana Takdir diri Pak Jokowi yg dikehendaki ALLAH kepadanya.;Positif
@sasasayatusa_ Jokowi: Saya Tidak Berminat Menjadi Presiden 3 Periode;Netral
@yosnggarang Ini ngapain demo? Kmrin2 kan udah ada yg dikasih jaket gegara bilang 3 periode;Netral
@safari_fx Brrti tandanya jokowi 3 periode bg;Positif
@sasasayatusa_ 3 periode menyengsarakan bangsa;Negatif
@Dennysiregar7 @jokowi Tapi tetap jangan pernah bermimpi 3 periode;Negatif
@cobeh2021 Dulu kau puja puja pak jokowi...sekarang kau durhaka ama pak jokowi...apapun kisahnya jika bisa lanjut 3 periode..;Positif
@ZAEffendy Mantap pak jokowi orang pintar lanjut jika bisa 3 periode;Positif
@M4young_ Terus maksudnya SBY mau 3 periode?;Netral
"@detikcom Lagi penjajagan calon pendamping klo maju 3 periode? 🤔

*eh 😅";Netral
TUAN RISKA KO MASIH KETEK ANYIA BIALAH INYO 3 PERIODE DI DHAMASRAYA TU DULU。;Netral
@sasasayatusa_ ada keinginan sedikit pun untuk 3 periode,” imbuhnya.;Netral
@bastianranuna @alifiendrian @hyql_ kekmana ji 3 periode mnrt ko?;Netral
@AfendiTjahyono @henrysubiakto YNTKTS tp mau 3 periode, segala cara dihalalkan dg kasak kusuk usaha merubah konstitusi.;Negatif
@timpakul_89 Baru segitu udah kejang... Makanya biar 3 periode jngn kebelet;Negatif
@sasasayatusa_ 3 periode sangat tidak bijaksana;Negatif
@sasasayatusa_ Karena jokowi adalah presiden terbaik selama ini maka bisa jadi 3 periode;Positif
@detikcom Mau minta santunan buat kampaye 3 periode tuh;Netral
"4. Tag 3 teman kamu buat ikutan juga
5. Akun jangan diprivate

Periode 26 April - 3 Mei 2022

#BonCabe #GueBonCabe #TTB";Netral
@sasasayatusa_ nanti setelah 3 periode kita ke empat periode;Positif
@sasasayatusa_ Presiden sudah jelas menolak 3 periode, tak perlu diributkan lagi #SayabersamaJokowi;Netral
@sasasayatusa_ Wacana Presiden 3 Periode, Jokowi Waspadai hasutan KADRUN #SayaBersamaJokowi #KamiBersamaJokowi;Netral
@sasasayatusa_ Gibran: Jokowi Tolak 3 Periode;Netral
@republikaonline Anggota DPRD pasti dari partai PDIP yg terlibat skandal penundaan dan 3 periode.;Negatif
@sasasayatusa_ stop menyebarakan isu Jokowi 3 periode !;Netral
@sasasayatusa_ Semua masyarakat mencintai Pak Presiden Jokowi. Semoga Pak Presiden Jokowi bisa lanjut 3 periode. Aamiin;Positif
@sasasayatusa_ sudah tidak lagi dapat dipercaya kalau Pak Jokowi ingin 3 periode;Negatif
@sasasayatusa_ apa perlu buat petisi tolak 3 periode;Negatif
@Dennysiregar7 @jokowi Trik 3 periode nya kakak🙃;Positif
Mulai pada caper ama elon, dari lumpur lapindo ampe penggagas 3 periode udah pada ngantri 🤣;Netral
@wrwbs0b Skizo bayangin 3 periode;Netral
@kangdede78 Dari awal juga pak jokowi nggak mau 3 periode. Tapi orang2 pada heboh sendiri.;Netral
@TirtoID Ya. Yuk 3 periode, lil..;Positif
@msaid_didu Wajar gak banyak rakyat yang mau diurus dia 3 Periode ☝️🙄;Negatif
@PKSejahtera Ndasmu minta 3 Periode! Dasar kadrun...;Positif
@haisayasaka Habis ini 3 periode? 👀;Netral
@keuangannews_id Kalo sampe 3 periode kan anaknya ga bisa maju entar 🙄;Netral
@RaniKancana__ Itu Jebakan Batman lagi.. PKB juga gitu... di adu domba.. 3 periode..;Netral
"@alisyarief Gak mau ada 3 periode
Tapi nuntut PT 20%
Wkwkwk... Kentuutlah...";Netral
@keuangannews_id Kalo yang minta 3 periode gimana, bu?;Netral
@WakniSyaiful @henrysubiakto Mirip mirip sekarang ya...sampai ada yg usul 3 Ronde..eh periode..😇😇;Netral
@KompasTV Patut diduga ...Paling bahas Tunda Pemilu atau Presiden 3 Periode ....!!!;Netral
@Arisfrogs13 efeke jokowi 3 periode;Positif
@abu_waras janji mau 3 periode? atau mau milih paslon dari banteng lagi?? sudah kerasa kan skrng 😂😂;Negatif
@bimo_sw98 @khenob1 @detikcom Bisa jadi presiden 3 periode skalian 😂😂😂;Positif
@msaid_didu Pendeta nya yg goblok atau pemilik akun yg goblok ya !!! sdh jelas tdk ada bahasa 3 periode atau perpanjang masa jabatan...;Netral
@Andyzulfikar10 Pantas minta 3 periode, kerja kagak tapi malah numpuk kekayaan pribadi;Negatif
"@BEMUI_Official Sssttt... Sssttt... Orderan baru ciiee... 
Brati menu penundaan pemilu sama wacana 3 periode udah basi ya?";Netral
@HumorJonTampan apa salahnya ? kalau orang boleh kampanye turunkan Jokowi, kenapa orang lain tidak boleh kampanye Jokowi 3 periode ?;Positif
@asyerfini87 Dia yang selama ini teriak menolak 3 periode;Negatif
@__Kazze @DanangHaryant18 Mau 3 periode;Positif
@tvOneNews Cerita tentang big data 3 periode 🤣🤣🤣🤣;Netral
@Uki23 D. Okt 2022, Jokowi teken perpanjangan masa jabatan AB, asal AB dukung Jokowi 3 periode. Feb 2024, AB telikung Jokowi.;Netral
"@PKSejahtera Yang ngeyel minta 3 periode itu siapa?
Yang ada elu yg ngeyel goreng 3 periode, bikin gaduh saja";Netral
@PKSejahtera Yg minta 3 periode sopo yo????? Pks kalau nga hoax mahh sepiiii...kayak partay sapiiii....END GAME PKS.... @hnurwahid;Netral
@geloraco Ha ha ha ternya bodoh dia, padahal Hartanto dapat dukungan dan menyuarakan aspirasi 3 periode Petani Sawit.;Negatif
"Program mendesak periode baru:

1. Pembubaran BNPT
2. Pembunaran Densus 88
3. Pembubaran BPIP";Netral
@zeiiest Cuma di periode event ini aja kak, di foodcourt tp 3. Kakak lg ke sby kah?;Netral
@KompasTV Soal Minyak dan 3 Periode;Netral
@AzzamIzzulhaq Nnt dibawa ke sini untuk support 3 periode;Positif
@rizal_ambo Proyek 3 periode.;Positif
@widiajaya88 @PutraWadapi2 Kok SBY gak disurvey. Kan siap untuk 3 periode;Netral
@kontrastimes @HeriSuwondo2 Semoga bukan kampanye 3 periode;Negatif
@PKSejahtera Yg minta 3 periode siapa????? Partai koq kayak gini role modelmya, coba berami gak senggol partai yg wacanakan 3 periode?????;Netral
@Fahrihamzah Yg ada yg bawa aspirasi pengusaha 3 periode. bikin rakyat susah aja;Negatif
@trendingtopiq Pasti bisa 3 periode pak topiq 👌;Positif
"@SantorinisSun Maklum, babak belur digebuki sana sini krn pengen 3 periode &amp; mafia, jd nyari trik pencitraan baru 😁";Negatif
@NawaNinik @ganjarpranowo Iyaaa takut kalah mundur aja, ga usah minta 3 periode 😫;Negatif
@PKSejahtera Yang ngeyel skema 3 periode itu Cak “gakuat” Imin;Netral
@alisyarief Demi mertua yang mau 3 periode🤣🤣🤣🤣;Negatif
@PKSejahtera Gorengan basi bau busuk..gini amat ya udah jelas presiden republik indonesia menyatakan hal itu gak mau 3 periode....;Negatif
@pakaipeci @musaKSQ Yang menunjukkan 3 periode mana bro ?;Netral
@RaniKancana__ Ketauan siapa yg enikmati gorengan basi ttg 3 periode;Netral
@kangdede78 @Damai_Indah_ Ayo mahasiswa demo PKS, mereka yang suka 3 periode.;Netral
@Dennysiregar7 @jokowi pasti tujuan 3 periode, wayoo ketauan kamu..;Positif
@rojakiro Siapa tau jadi 3 periode juga nanti;Netral
@Masinton Sudah taulah kan segala urusan,,,termasuk 3 Periode atau perpanjangan masa jabatan...;Netral
@detikcom kemarin masalah 3 periode, sekarang ekspor CPO, why cak min?;Netral
@alisyarief Jika saja jokowi 3 periode, pasti banyak yg mati stress.. MAMPUS DALAM KEBENCIAN..;Negatif
@Rancaklomah @Padakek @courvoisierrumm Bialah manjomblo wak dading, nio 3, 4, 10 periode wak tampuah mah🤣;Netral
@DwiHeriMulyant1 @Rockgar12 @SITINUR51514627 @aniesbaswedan @Jakartaeprix Maksudnya @SBYudhoyono yg mau 3 periode;Netral
Kalian kalo abis sholat subuh lanjut tidur apa lanjut 3 periode?;Netral
@PKSejahtera Udh ga laku min isu 3 periode.;Netral
@PKSejahtera Yg ngeyel minta 3 periode siapa ? Tunjuk dong namanya ! Jadi partai politik jangan Cemen !!;Netral
@Rockgar12 @SITINUR51514627 @aniesbaswedan @Jakartaeprix Yang mau 3 periode muka apa🤭🤭🤭?;Netral
"@kumparan Harga minyak goreng belum turun

Yang sudah turun harga sawit petani

Makanya petani minta Jokowi 3 periode";Positif
@VIVAcoid Yang gambar gembor penundaan pemilu, presiden 3 periode itu elu bangsat!!!! 😂🤣;Netral
@RestyCaayah @C4H_NDESO Para babu China yg ngotot 3/perpanjangan periode dan jongos Aseng yg sibuk doktrin adanya NII pada kejang2. 😷;Negatif
"@PKSejahtera Partai Selangkangan memang beda, kader mesum terus meroket, eh ngeyel niup isu 3 periode! 

END GAME!";Netral
@msaid_didu Makanya mau 3 periode, karna beliau tau apa konsekwensinya kalo dia ga berkuasa lagi..;Positif
"@prasetyoadhi2 @jokowi Yg penting pemilu jangan ditunda-tunda.
Apalagi ngotot 3 periode";Netral
@IgnatioDee @panca66 @SBYudhoyono Hidup pak jokowi bapak pembangunan jalan tol indonesia...hidup 3 periode,;Positif
Kalo uda nyaman memang susah, mau kau minta jokowi 3 periode juga aku terima;Positif
@RiuRizkiUtomo_ @mohmahfudmd Issue 3 periode digulirkan biar Anies bisa dapet kompensasi 2 tahun menjabat..tapi anies ga didemo yak..😂;Netral
@PKSejahtera Partai kok goblok, yng bisa ganti 3 periode kan mpr, makanya kalau pipis yng sopan.;Netral
@Fayourbabygirls Mantap lanjutkan 3 periode;Positif
@arifin34533 Maksa buat isu 3 periode, memaksa pula untuk di goreng karna ga punya gorengan dasar politikus dan partai minim kreatifitas !;Netral
@SuaraKawan1 @kafiradikalis @jokowi Mangkanya sngat mngkin jokowi 3 periode krna yg ga suka cuma di sosmed;Positif
@jokowi jangan ada niat 3 periode bareng anies pak;Netral
@PKSejahtera Partai Kolot sejahtera....presiden sudah bilang tidak akan lanjut 3 periode masih saja bicara..;Netral
@ramaraditya__ bayangin ngomongin 3 periode sambil ditempeleng-tempelengin pala lu;Netral
@pIesetam mari ngebul, sambil nunggu 3 periode terkabul, anjay prot prot...;Positif
@jokowi Maaf pak, kpn diberi sanksi anak buahnya yg teriak2 ingin merubah konstitusi jd 3 periode??..;Negatif
"@UyokBack Pemilunya gak ditunda.
Kampanye 3 periode jalan trus sambil gerilya di Parlemen..";Positif
@zyyrilll @noraakira @XavierNaxa Tu masalah presiden 3 periode;Negatif
@geloraco Oawalah yg dukung 3 periode orangnya kek gitu semua 😆😆;Negatif
@PKSejahtera Yok yang ingin harga Migor BBM dll naik lagi silahkan dukung 3 periode 😆🤪;Negatif
"@luminye 1) proker OSIS, jadi per sekbid diarahin gitu. iya periode gua
2) gabut sih jujur, gua jadi dokumentasi
3) temen ilah astaga😩";Netral
@Rian__Az Ssssttttt Nis, bantuin aku dong, ntar peresmiannya aku ya, bingung nih aku digebukin sana sini gegara pengen 3 periode;Positif
@prawitoabdullah @PKSejahtera Tuh ada kalimat ngeyel minta 3 periode;Netral
@schfess Hafalin yang sering keluar aja (gol I A – VIII A, periode 3, periode 4);Netral
@tiadaakhirrindu 😛beugh galau tp menang banyak minta 3 periode lagi🤣;Positif
"SENIN, 25/APRIL/2022,

RESULT PASARAN BURMA
PERIODE KE - 1765 : 
PRIZE 1 : 0689
PRIZE 2 : 5056
PRIZE 3 : 6716
SELAMAT KEPADA PARA PEMENANG";Netral
@Yunardi99 Aku takut dy 3 periode🙈;Negatif
@sbyfess Lek sek di baleni smp 3 periode iku gagal juga koyoke a?;Netral
"@gibran_tweet 10 PERIODE AJA ,BIAR RAKYAT MATI KELAPARAN, ky di SOMALIA &amp; ETOPIA brow ...
tanggung 3 PERIODE brow !
baa ahahahaaahahahahaa";Negatif
@PKSejahtera Eh BUNGUL....yg ngeyel 3 periode siapa? Jgn² ngelempar tai kena muka sendiri...;Netral
@TxtdariHI Negara mana yg presidennya minta 3 periode?;Netral
@PKSejahtera Oposisi stress. Isu 3 periode sudah bolak balik dibantah, tapi masih terus digoreng. Ga punya bahan lain wkwkwk;Netral
Pertalite mulai susah. Makin semangat buat 3 periode;Negatif
@keuangannews_id Kalau 3 periode ?;Netral
@OposisiCerdas Teruuuus saja giring opini...agar lancar 3 periode..tdk ada yg demo2;Positif
@kafiradikalis @jokowi Pantes mereka pede dengan 3 periode bung..;Positif
@erusandoro @iamnotfussed Efek Jokowi mau 3 periode sih;Positif
@Tan_Mar3M Memang dia masih punya muka da gagal gitu masih mau minta 3 periode;Negatif
@na_dirs Nah yg ga realistis yg ttp wacanain 3 periode dan atw pnundaan pemilu..kya ketum partai ijo luarnya merah dalemnya.;Negatif
@kafiradikalis @DonAdam68 @jokowi Jika demikian apakah tunda pemilu atau 3 periode akan tetap berlanjut?;Netral
"@ilonalydia_ @YanHarahap @msaid_didu Eh yg dibahas diduga mendanai 3 periode,,,kok yg di jawab korupsi migor.
Dasar kadrun";Netral
@estehsisriii @Claudieary Mending 3 ronde dripada 3 periode👌🏽👈🏻;Netral
@tvOneNews Sinyal penundaan pemilu dan 3 periode/perpanjang masa jabatan.?;Positif
"@conan_idn @alextham878 Ngapain takut ? 
Cuma isu 3 periode aj udh Kepanasan ad apa dngan bohir loe";Netral
@Stevaniehuangg tunggu lihat hilal 3 periode upz sorry 3 derajat 🤣;Netral
@Joe_Vaditya @yahya_ay23 kelas langsung 3 periode;Netral
"@KompasTV Jkw &amp; luhut mungkin masih ingin 3 Periode. Kali ini coba2 akomodir oposisi dg pdkt ke Anies";Netral
@kangdede78 Jadi tau kan siapakah dibalik kampanye Jokowi 3 periode??;Netral
"@Ardiesuhardi1 @OposisiCerdas 3 Periode juga Makar
#Pemilu2024RekayasaRezim 
#Pemilu2024RekayasaRezim";Negatif
"@alisyarief Ada yg panas dingin nih, takut bngt ama 3 periode. 🤣😄🤪
.
Sante aja tong, pk @jokowi udh jls2 menolak. 😄";Netral
@OposisiCerdas Pecat aja nih Pak De...Pak De lg mikir gmn 3 periode,eh ini malah ngedukung si ET;Negatif
@ndus3x @berlianacr Yang penting gak 3 periode;Negatif
@PKSejahtera Yg minta 3 periode sapa woiii;Netral
Sebajing bajingannya penjahat kelas kakap,/ pembnuh, lebih bajingan yg mengingunkan 3 periode.;Negatif
@putucangkiriku @PKSejahtera Ngotot.. keknya mungkin mrk kali ya yg pengen 3 periode. Gaya ndableg aja. Pura2 o'on, padal o'on beneran🙄;Netral
@Tan_Mar3M Itulah mskanya ptani sawit ingin jokowi 3 periode😁;Positif
@PKSejahtera Yg mnta 3 periode siapa pret;Netral
@Boan15931642 @PKSejahtera Yg minta 3 periode siapa? Tolol;Netral
"@detikcom jangan ngarep 3 periode dgn anies.

mudah2an anies masih waras.";Netral
@PKSejahtera Siapa sih yg ngeyel minta 3 periode nyet??? Jawab dong! Jangan cuman ngomong aja lo partai gurem banyak cingcong!!;Netral
@msaid_didu Makin jelas bahwa jokowi pengin 3 periode? Yg ngomong saefudin yg disindir presiden. Sue lu;Netral
@msaid_didu Makin jelas rata-rata yang dukung 3 periode kurang waras;Negatif
@eddy_soeparno Kalau ketum yg usulkan 3 periode turut dilaporkan tdk?;Negatif
@PAN_Bergerak @eddy_soeparno @Official_PAN Bgmn 3 periode?;Netral
@PKSejahtera Yg minta 3 periode siapa? Goblok;Negatif
@democrazymedia Masih mau 3 periode?;Netral
@kangdede78 Mau 3 periode jadi kades aja biawak;Negatif
@kangdede78 Sepertinya partai itu salah satu pengusung isu 3 periode sbg komoditasnya menjelang 2024;Netral
"@Dennysiregar7 @Singkir_Geni @jokowi Sudah pasti.
Mungkin juga yg selalu teriak Jokowi 3 periode";Netral
@UtunBack Bangke Mukidi 3 periode;Negatif
@Partono_ADjem @damnoise Ga jadi nih dukung 3 periode?;Netral
@PKSejahtera Wkwkwk masih percaya to ma isu 3 periode? 🤣;Netral
@Hery_Whf @AmelMelinda Mantap, bersih merakyat dan kerja nyata. Salam 3 periode;Positif
@PKSejahtera Perasaan elu yg ngeyel ngomong 3 periode terus.. kgk ada bahan omongan laen apa?😏;Negatif
@mikalodon Dukung jokowi 3 periode;Positif
Bingung pilih beli tiket nonton konser lexicontour atau tour 3 periode dewa 19 🙃;Netral
@PKSejahtera Tanggal pemilu sudah ditetapkan oleh Pak Jokowi. Jadi tidak ada 3 periode, jangan sengaja keluarkan isu isu yang tidak benar.;Netral
@kangdede78 Pak jokowi jelas2 sudah menolak wacana 3 periode. Masih aja digoreng terus. Bingung mau nyerang pake apa lagi😅;Netral
@anaktermudaa Belum puas klo blm 3 periode 😍;Negatif
@PKSejahtera Partai korupsi sapi masih aja goreng 3 periode..situ waras??;Negatif
@FirstMediaCares Slmt malam. Periode free channel 3 bulan sy sdh lewat. Utk kelanjutan berlangganan bagaimana cara nya ya? Trmksh.;Netral
"@atha_alfar3zi rezim lagi mengupayakan 3 periode... sabar sabar sabar...
Kerja kerja kerja...";Netral
@PKSejahtera Partai tolol masih jualan 3 periode,;Negatif
@coffebit Lagi nongkrong kaget kirain ngambrukin uno stacko ternyata ngambrukin harapan buat 3 periode;Netral
@SantorinisSun Berani nggak Anies di depan Jokowi ngomong 3 periode? Nggak!;Negatif
@PKSejahtera Dalang Kegaduhan tentang 3 Periode !!! @BubarkanPKS;Negatif
@GarengHallu Kalo gak salah pks termasuk salah satu partai pengusung ruu 3 periode di dpr ... teruuuus digoreeeeeng dech;Netral
@PKSejahtera Salam 3 Periode.;Positif
@hrdbacot Ada ga yah yg request Ridersnya minta 3 periode WKWKWKWKWK;Netral
@DokterTifa Mantap...lanjutkan 3 periode;Positif
@KoswaraHaji @sopansantun55 Pantasan mereka ketakutan jika Jokowi 3 periode. Sudah ditolakpun masih belum percaya juga;Positif
@PKSejahtera Budeg ya....yang minta 3 periode siapa?;Negatif
"@Askrlfess coba pilih mau bahas yg mana? utang negara, rumor 3 periode, atau masa depan kita dulu?

gituin nder";Netral
@floresadotco @jokowi @bpolbf @Kemenparekraf 3 periode, sampe toilet di rumah di rebut juga;Netral
@pIesetam Kok mirip 3 periode;Netral
@nYOUng_1606 @RestyCaayah @Puspen_TNI Baleho 3 periode gak diturunkan rantis dik juga baleho puan ?;Negatif
@PKSejahtera Depok noh udah 3 periode dipegang partai lu, perumahan doang yang nambah, jalan rayanya segitu² aja lebarnya.;Negatif
@annasantoz318 Buat modal 3 periode...😁;Netral
@purwa___d @ChusnulCh__ Gw pendukung Jokowi ,menolak wacana presiden 3 periode,menolak Jokowi dipasangkan dg Ps sbg cawapres. Titik;Negatif
@VIVAcoid Mundur lebih cepat lebih baik, lagian mana percaya dengan omongan kalian??? Pura-pura padahal ngebet minta 3 periode?;Negatif
@WhoIsItUR_ @AW_CallieJKT48 Salam 3 periode;Positif
@infomalang Banjir ngenteni 2028, jembatan ngenteni 2023. The best ancen cak ji tak dukung 3 periode!1!1!1;Netral
@RamliRizal @Nicho_Silalahi Boro2 mikirin DATA, yg d pikiran cuman 3 PERIODE biar aman kekuasaanya🖕🖕🖕💩💩💩;Negatif
"@PKSejahtera 3PERIODE
EndGame!

Bisa dimaknai :
""3 PERIODE
Selesai!""😂";Negatif
@RetiredTyreMan @ngah_Aqthar @FahrialZein @IwanPangka @panca66 @syafniir 3 ronde bang zil @RetiredTyreMan BUKAN 3 PERIODE;Netral
Ini peralihan issue 3 periode, penundaan pemilu dan kenaikan harga BBM / MIGOT CS #JualanHantuNII;Negatif
@PKSejahtera Siapa yg mau 3 periode tong ? 🤔;Netral
@PKSejahtera Yang teriak nuduh minta 3 periode ya makhluk2 PKS.;Negatif
@dahbang_ Kalo ada kevin parker aku akan dukung owowi 3 periode 💀;Positif
@sociotalker Makanya 3 periode👌;Positif
@mrpedestrian19 @eeelinda_ya @tanyakanrl Mending 3 periode kalau pilihannya cuma itu;Positif
"@sociotalker Apa masih mau menunda pemilu atau lanjut 3 periode

Hancur negeri ini di tangan si pembohong yang dongok";Netral
@PKSejahtera Partai isi otak kalian busuk..dah jls tdk ada 3 periode.masih aja mbacot;Netral
@PKSejahtera Anjeeeenglah yg minta 3 periode iu siapa coba ? Sebutkan aja disini;Negatif
@tanta_boki @WagimanDeep212_ Terus kadrun menghibur diri dengan demo isu presiden 3 periode;Negatif
@arifin34533 Yang ngeyel minta 3 periode itu bukan Pak Jokowi ya.;Positif
@detikcom Ada yg brani laporkn org2 yg wacanakan 3 periode ya?krn ulah dari wacana itu sehingga timbul kegaduhan di masyarakt..;Negatif
@Ayumi_chan901 Mau 3 periode lanjut jdi presiden wakanda 😭😭;Negatif
"@PKSejahtera Pertanyaan nya siapa yang meminta 3 periode????
Jan hoax yg bikin keruh ahhh .";Netral
@Partono_ADjem lanjut deh 3 periode;Positif
@PKSejahtera Loe yg ngeyel buat pembodohan 3 periode. Gk ada gorengan lain y;Negatif
@gakgakgakada Sampe hampir ngedebat soal Jokowi 3 periode hadeh;Negatif
"@PKSejahtera Lah yg minta 3 periode itu siapa ya?
Jeh.Kah? SB. Yeh? 🤔🤪😃😄";Negatif
@fanfarrafan kudu 3 periode ieu mah tandana;Positif
"@PKSejahtera Stupid.. jelas2 pak Jokowi jg nolak jabatan 3 periode..
Goreng aje terussss";Negatif
"@detikcom Mau 3 periode atau ada pemerintahan baru, sepertinya bakalan itu2 aja isi gerbong &amp; kebijakannya.
😂😂😂";Negatif
@PKSejahtera Lama2 sy berfikir, semoga benaran.3 periode. Malas sekali lihat gorengan 3 periode. Ga capek apa?? Goreng issue ini???;Negatif
